ID,name,country_name,country_id,totalptswon,aces,1st_servepct,1st_servewonpct,2nd_servewonpct,serve_rating,totalgamesplayed,totalgameswon,matcheswon,1st_servereturnwonpct,doublefaults,return_to_service_pts,aces_dfs_ratio,pts_dominance,returngamewon_pct,pt_time(secs),matches_played,games_dominance,breakpts_wonpct,aces_pct,service_games_wonpct,matches_wonpct,pts_won_per_rtngame,upsets_againstpct,tie_breakswon_pct
1,Roger Federer,Switzerland,SUI,126557,11368,62.11,77.43,57.03,360.3,38694,22487,1237,32.39,2745,1.072,4.141,1.307,26.66,36.98,1509,2.383,70.53,9.86,90.45,82.61,2.551,13.04,76.67
2,Feliciano Lopez,Spain,ESP,76845,9908,58.6,76.34,51.94,345.2,25101,12443,496,26.1,3220,0.987,3.077,0.973,15.44,37.36,957,0.963,67.24,14.37,84.67,41.51,1.943,21.15,41.67
3,Rafael Nadal,Spain,ESP,97328,3685,68.26,72.19,57.49,352.3,28857,17287,1006,34.23,1899,1.067,1.94,1.305,33.41,45.39,1210,2.369,67.66,6.71,89.8,85.44,2.763,13.59,57.14
4,Fernando Verdasco,Spain,ESP,79577,5310,67.14,70.94,51.09,334.5,24763,12931,552,30.46,3790,1.03,1.401,1.072,23.86,39.75,976,1.224,65.15,8.71,80.3,47.69,2.347,26.15,47.62
5,Tommy Robredo,Spain,ESP,69691,3233,64.8,69.44,51.88,327,21866,11325,533,30.73,2038,1.023,1.586,1.054,25.47,39.08,890,1.178,41.27,,,,,,
6,Marin Cilic,Croatia,CRO,66851,7182,56.61,76.82,52.56,341.7,21046,11265,520,30.1,2310,1.036,3.109,1.121,22.7,39.9,808,1.409,65.5,11.16,82.36,53.25,2.3,25.97,51.06
7,Philipp Kohlschreiber,Germany,GER,64880,4592,60.41,72.13,53.88,335.5,20833,10798,470,29.19,1728,1.022,2.657,1.057,22.16,38.76,846,1.205,64.13,6.24,80.84,45.1,2.27,19.61,
8,Kei Nishikori,Japan,JPN,48533,1979,61.27,70.72,53.03,326.9,15210,8142,411,30.46,1561,1.029,1.268,1.093,26.78,40.12,612,1.347,56.45,2.95,76.72,56.9,2.552,27.59,55.56
9,Stan Wawrinka,Switzerland,SUI,70527,5900,57.96,73.69,53.78,337.9,22688,12017,533,29.97,2123,1.006,2.779,1.082,22.64,39.41,842,1.318,67.95,11,85.22,62.82,2.291,19.23,57.14
10,Gilles Simon,France,FRA,69402,3672,57.26,69.47,51.55,317.5,21485,11081,494,31.34,1944,0.999,1.889,1.042,26.81,40.4,867,1.134,59.51,4.96,74.4,47.5,2.61,28.75,44.83
11,Novak Djokovic,Serbia,SRB,94524,6026,64.92,73.66,55.43,349.4,28213,16718,943,33.65,2529,1.048,2.383,1.287,32.05,42.16,1134,2.265,65.58,8.26,87.57,87.39,2.803,12.61,79.07
12,Gael Monfils,France,FRA,62739,6222,62.5,72.8,49.89,333.3,19530,10349,493,31.85,2696,1.02,2.308,1.077,25.1,38.36,773,1.306,62.67,8.21,81.15,65.43,2.528,24.69,54.29
13,Andy Murray,United Kingdom,GBR,73382,5832,58.06,74.45,51.88,333.9,22262,12656,677,33.32,2168,1.046,2.69,1.193,31.2,41.76,879,1.72,57.61,8.34,78.27,,2.335,,55
14,Richard Gasquet,France,FRA,68108,4720,61.71,73.08,53.18,335.1,21432,11465,550,30.27,2043,1.017,2.31,1.107,24.75,38.83,882,1.374,62.6,7.09,78.48,50,2.179,18.97,64.29
15,Grigor Dimitrov,Bulgaria,BUL,44748,3775,62.19,74.43,51.19,337.8,13949,7347,329,29.64,1893,1.008,1.994,1.082,21.95,38.75,545,1.255,64.27,7.09,80.81,56.79,2.557,25.93,38
16,John Isner,United States,USA,61716,12699,69.14,78.62,56.12,384.9,20301,10415,436,22.51,1566,1.001,8.109,1.051,10.38,37.37,708,1.268,72.22,25.54,92.97,58.9,1.786,28.77,58.75
17,Andreas Seppi,Italy,ITA,60863,3703,58.19,70.47,50.13,317.1,20017,9906,377,29.35,2073,1.009,1.786,0.99,22.87,38.76,783,0.96,57.4,6.87,75.86,44.83,2.315,22.41,61.54
18,Fabio Fognini,Italy,ITA,52968,2210,59.03,67.61,48.32,303,17128,8500,370,31.71,2654,0.981,0.833,0.976,27.14,38.64,691,0.968,58.07,4.75,73.85,51.22,2.406,37.8,60
19,Juan Martin Del Potro,Argentina,ARG,48377,4458,63.81,74.5,53.14,346.6,15184,8384,439,29.96,1364,1.038,3.268,1.161,25.28,44.13,612,1.683,63.46,12.4,,,,,
20,Milos Raonic,Canada,CAN,44372,8130,62.87,81.45,55.17,375.9,14377,7755,372,26.91,1714,1.049,4.743,1.202,15.98,38.85,544,1.82,72.8,22.71,93.03,67.57,2.237,24.32,59.26
21,Kevin Anderson,South Africa,RSA,48222,7222,64.56,76.9,52.96,358.9,15312,7941,341,26.33,1710,1.024,4.223,1.086,16.38,39.28,578,1.23,67.26,15.75,85.1,,2.087,,42.86
22,Alexander Zverev,Germany,GER,32618,3222,64.09,73.9,49.48,334.3,9974,5299,255,30.46,1665,1.031,1.935,1.098,24.89,38.16,384,1.337,60.39,12.99,81.16,66.67,2.596,22.5,59.68
23,Dominic Thiem,Austria,AUT,38127,2680,60.31,74.15,53.18,337.7,11758,6261,301,30.28,1270,1.04,2.11,1.107,23.77,38.27,461,1.41,63.45,6.57,83.94,72.22,2.446,25,56.67
24,Ivo Karlovic,Croatia,CRO,58935,13687,65.51,82.71,53.3,383.7,19869,9995,370,21.22,2451,1.007,5.584,1.02,8.48,36.14,713,1.06,68.1,22.75,91.27,,1.505,,45.95
25,Sam Querrey,United States,USA,54861,8448,59.12,78.88,50.36,347.7,17794,9144,374,26.77,2245,1.012,3.763,1.051,17.58,35.13,680,1.168,59.11,19.78,85.07,51.79,2.137,21.82,56.82
26,Roberto Bautista Agut,Spain,ESP,41575,1611,65.98,69.82,53.98,333.6,12602,6762,319,30.52,977,1.027,1.649,1.114,26.5,38.7,507,1.35,59.45,4.79,82.12,64.49,2.644,26.42,43.59
27,Jeremy Chardy,France,FRA,46319,4708,60.16,74.19,49.48,332.4,14635,7293,289,27.29,2422,1.002,1.944,0.993,19.01,38.17,581,0.989,63.43,9.47,80.65,50,2.236,13.16,44.23
28,Benoit Paire,France,FRA,38674,4035,51.89,74.46,45.8,310.6,11879,5828,225,31.5,2341,0.984,1.724,0.967,23.7,34.01,472,0.93,59.86,11.2,75.49,46.74,2.427,36.96,45.65
29,David Goffin,Belgium,BEL,37682,2526,58.37,71.72,50.53,320.9,11901,6285,286,31.17,1593,1.028,1.586,1.073,27.57,37.87,475,1.243,56.3,7.45,76.83,56.44,2.585,32.67,50
30,Albert Ramos,Spain,ESP,37272,1648,61.88,67.85,51.63,319.6,11659,5776,227,29.56,1210,0.998,1.362,0.977,23.01,42.45,477,0.974,61.84,3.5,77.63,53.26,2.46,18.48,30.23
31,Viktor Troicki,Serbia,SRB,41949,4225,60.83,72.4,47.33,324.1,13869,6929,294,30.33,1351,1.012,3.127,1.01,23.13,37.78,565,0.999,62.63,9.39,,,,,
32,Jo Wilfried Tsonga,France,FRA,56509,6633,62.1,77.73,52.89,356.1,18127,9751,465,28.74,1616,1.018,4.105,1.128,20.05,38.58,691,1.554,66.29,13.71,86.28,57.41,2.055,14.81,67.86
33,Pablo Cuevas,Uruguay,URU,32403,2437,60.33,71.78,51.8,327.6,10966,5547,232,29.26,1150,1.008,2.119,1.015,20.95,38.5,440,1.005,59.17,7.4,79.52,47.3,2.241,24.32,48.28
34,Stefanos Tsitsipas,Greece,GRE,18655,1551,61.77,75.94,54.12,346.5,5792,3087,144,28.47,511,1.013,3.035,1.108,20.11,41.91,225,1.399,63.91,8.65,86.73,69.23,2.344,21.13,62.82
35,Marcel Granollers,Spain,ESP,33577,1832,61.14,68.72,49.35,312.5,10764,5202,202,30.31,1045,1.013,1.753,0.968,22.99,41.94,452,0.889,54.55,7.34,80.43,,2.252,,
36,Robin Haase,Netherlands,NED,38137,3126,59.44,71.87,49.45,323.8,12974,6418,229,28.39,1324,0.988,2.361,0.964,20.42,37.28,499,0.928,62.69,8.8,79.84,,2.222,,33.33
37,Ernests Gulbis,Latvia,LAT,35935,4245,60.17,75.24,48.49,335.5,12193,6201,245,27.86,1910,0.996,2.223,1.002,18.89,38.88,482,1.01,61.33,10.19,76.43,,1.98,,
38,Karen Khachanov,Russian Federation,RUS,22558,2117,61.68,73.84,51.62,339.5,6954,3587,146,28.29,745,1.023,2.842,1.06,20.91,40.25,262,1.203,63.56,8.17,82.58,55.05,2.428,35.19,47.06
39,Andrey Rublev,Russian Federation,RUS,18468,1399,59.56,73.98,50.47,331.1,5706,3014,146,30.22,681,1.049,2.054,1.103,25.45,37.79,235,1.319,64.3,9.71,84.79,75.38,2.647,7.69,56.36
40,Borna Coric,Croatia,CRO,24283,1811,62.28,72.05,52.85,335.3,7810,3964,165,27.23,679,1.011,2.667,1.026,20.58,40.43,307,1.098,63.92,8.63,82.7,56.98,2.27,31.4,52.94
41,Leonardo Mayer,Argentina,ARG,29574,2329,60.97,73.47,52.53,334.1,9722,4830,179,26.98,1296,1.013,1.797,1.003,17.35,40.35,376,0.953,61.15,7.8,81.91,38.1,2.139,21.43,63.33
42,Pablo Andujar,Spain,ESP,26493,581,63.45,64.6,48.67,301.9,8343,3968,145,30.69,1099,1.006,0.529,0.949,24.88,41.06,358,0.837,55.82,2.07,71.52,38.18,2.496,23.64,
43,Pablo Carreno Busta,Spain,ESP,29557,1512,64.63,68.95,51.55,326.3,9117,4666,200,28.78,679,1.002,2.227,1.025,24.56,38.46,369,1.11,65.63,5.6,82.13,61.05,2.442,20,50.94
44,Daniil Medvedev,Russian Federation,RUS,20680,2077,59.64,74.82,51.97,337.9,6297,3404,173,30.09,874,1.029,2.376,1.129,25.62,40.04,259,1.476,62.31,12.06,85.33,75.37,2.623,17.91,62.5
45,Steve Johnson,United States,USA,27023,2793,59.33,74.96,52.09,341.4,8643,4330,169,25.59,1018,0.971,2.744,0.97,16.1,35.46,340,1,60.44,7.9,80.7,39.22,1.994,27.45,35.29
46,Martin Klizan,Slovakia,SVK,21706,1292,58.46,68.92,49.48,314.1,7542,3720,147,28.74,1005,0.961,1.286,0.948,23.26,39.33,300,0.925,59.78,4.91,72.41,,2.265,,
47,Jan Lennard Struff,Germany,GER,25285,2808,56.01,76.26,49.39,329.6,7964,3976,145,27.4,1139,1.008,2.465,1.004,19.3,37.25,314,0.993,62.32,13.26,82.37,52.78,2.38,17.59,42.31
48,Donald Young,United States,USA,23311,1012,59.8,67.28,48.96,305.2,7561,3515,124,28.46,1205,0.978,0.84,0.913,20.83,35.73,314,0.748,38.47,,,,,,
49,Thomaz Bellucci,Brazil,BRA,31456,2336,58.07,70.52,51.19,319.2,10891,5354,200,29.26,1247,1.016,1.873,0.99,21.42,39.46,417,0.923,38.85,,,,,,
50,Adrian Mannarino,France,FRA,34639,2093,60.47,69.26,50.59,318.1,10947,5364,208,28.63,1170,0.992,1.789,0.972,22.36,38.05,451,0.924,60.31,6.56,77.22,48.42,2.42,23.16,47.37
51,Joao Sousa,Portugal,POR,31573,1480,60.9,69.74,49.17,314.9,10581,5160,196,29.34,883,1.005,1.676,0.963,21.24,36.79,424,0.857,58.73,5.76,74.67,38.36,2.198,34.25,41.94
52,Diego Sebastian Schwartzman,Argentina,ARG,26203,721,62.01,65.84,50.5,306.5,7930,4128,178,33.37,921,1.025,0.783,1.052,32.2,40.58,325,1.171,57.77,2.21,74.17,61.98,2.801,20.66,57.14
53,Federico Delbonis,Argentina,ARG,23052,1085,60.64,69.5,51.25,319.3,7319,3615,136,29,1009,1.008,1.075,0.984,21.78,40.28,295,0.951,59.24,4.33,74.7,43.28,2.506,20.9,36.84
54,Nick Kyrgios,Australia,AUS,21724,3842,65.52,77.52,52.92,364,7021,3672,164,24.07,892,0.993,4.307,1.06,16.2,34.44,258,1.372,65.9,20.2,89.31,64,1.824,16,61.9
55,Malek Jaziri,Tunisia,TUN,17023,936,53.78,70.94,48.72,311.7,5907,2795,98,26.32,711,0.947,1.316,0.888,18.45,37.49,236,0.745,59.27,3.22,66.89,,2.15,,
56,Mikhail Kukushkin,Kazakhstan,KAZ,28075,1161,60.89,66.4,51.28,314.8,9686,4701,168,27.9,563,0.976,2.062,0.94,22.77,39.8,383,0.876,59.93,3.49,75.09,41.67,2.265,26.39,42.86
57,Dusan Lajovic,Serbia,SRB,23790,1163,66.04,68.24,52.38,327.6,7818,3843,140,28,551,0.983,2.111,0.967,20.59,38.46,314,0.931,59.5,4.39,76.82,43.82,2.322,38.2,42.11
58,Bernard Tomic,Australia,AUS,28505,2781,66.29,71.1,49.88,338.9,9602,4754,186,25.2,618,0.953,4.5,0.942,17.15,33.25,368,0.888,63.46,11.51,72.46,,1.923,,
59,Lucas Pouille,France,FRA,20741,1897,56.23,73.43,51.42,329.3,6470,3240,132,27.03,908,0.967,2.089,0.979,19.51,36.29,243,1,62.81,7.96,81.2,47.83,2.119,34.78,51.72
60,Nikoloz Basilashvili,Georgia,GEO,17839,903,60,67.36,49.31,307.5,5643,2703,105,29.24,1030,0.964,0.877,0.936,22.42,37.06,224,0.839,58.39,5.75,72.85,46.99,2.403,37.35,50
61,Aljaz Bedene,Slovenia,SLO,20889,2214,56.78,74.08,48.92,323.1,6740,3285,127,27.53,773,1.009,2.864,0.975,19.64,38.23,268,0.886,60.49,11.2,80.53,52.78,2.189,12.68,48.72
62,Vasek Pospisil,Canada,CAN,21387,2538,58.09,75.98,50.48,337.4,7299,3577,122,25.42,939,0.966,2.703,0.951,14.84,36.07,278,0.859,67.8,11.77,84.96,53.49,2.007,2.33,57.14
63,Jack Sock,United States,USA,23919,1985,58.4,73.88,52.77,333.1,7653,3877,165,27.06,1287,0.998,1.542,1.008,19.1,35.99,297,1.075,38.91,,,,,,
64,Yen Hsun Lu,"Taiwan, Province of China",TPE,27190,1555,60.61,70.34,50.28,317.7,9501,4583,162,26.48,1243,1.017,1.251,0.955,19.23,38.12,389,0.807,37.62,,,,,,
65,Marton Fucsovics,Hungary,HUN,14311,739,57.18,69.93,51.14,316.6,4856,2501,,31.79,566,1.027,1.306,1.029,25.53,42.4,,1.085,58.92,4.66,75.96,53.93,2.602,14.61,54.35
66,Kyle Edmund,United Kingdom,GBR,18624,1376,59.8,72.99,52.24,333,5876,2990,116,27.05,602,0.995,2.286,1.017,20.22,40.25,231,1.085,60.12,7.2,80.77,47.37,2.229,29.82,22.73
67,Sergiy Stakhovsky,Ukraine,UKR,27441,2335,61.76,71.59,49.5,327.1,9947,4861,172,27.61,933,0.981,2.503,0.948,17.89,36.73,385,0.833,62.26,9.36,,,,,
68,Mischa Zverev,Germany,GER,24873,1650,64.45,69.22,48.71,322.1,7916,3756,133,29.02,728,1.007,2.266,0.943,19.61,36.74,332,0.81,57.14,6.11,,,,,
69,Ryan Harrison,United States,USA,21124,1913,59.42,71.81,50.42,327.5,6870,3322,118,26.7,919,0.971,2.082,0.936,17.71,39.46,277,0.835,38.3,,,,,,
70,Denis Shapovalov,Canada,CAN,16831,1646,58.72,75.85,52.11,340,5264,2699,,27.9,1013,1.01,1.625,1.038,18.47,41.18,,1.148,66.77,10.43,84.89,56.36,2.285,30,48.15
71,Filip Krajinovic,Serbia,SRB,12627,768,63.97,68.54,50.55,323.4,4058,2031,,28.92,309,1.002,2.485,1.001,23.92,38.82,,1.003,64.56,6.05,79.08,60.24,2.53,14.46,47.06
72,Felix Auger Aliassime,Canada,CAN,9944,1080,64.2,74.05,49.8,338.3,3093,1575,,29.25,550,0.993,1.964,1.038,20.06,44.36,,1.074,64.11,11.47,82.24,58.93,2.262,22.32,62.71
73,Daniel Evans,United Kingdom,GBR,13128,727,60.91,70.27,50.5,322,4580,2274,,29.51,481,0.991,1.511,0.999,22.93,41.97,,1.007,62.52,5.02,78.26,52.38,2.444,21.43,57.5
74,Yuichi Sugita,Japan,JPN,10008,495,60.56,68.02,49.06,311.9,3425,1605,,26.39,349,0.969,1.418,0.906,19.15,37.46,,0.735,60,3.83,70.64,,2.158,,
75,Guido Pella,Argentina,ARG,20139,1227,64.95,69.18,51.75,329.5,6240,3085,112,27.62,567,1.008,2.164,0.997,20.92,40.94,235,0.949,61.82,5.58,77.75,53.09,2.427,24.69,57.5
76,Taylor Harry Fritz,United States,USA,17050,1927,58.56,74.75,50.53,335.3,5349,2677,106,25.86,532,0.983,3.622,0.99,18.2,37.55,210,0.989,60.82,11.99,83.35,52.88,2.202,25.96,55.36
77,Jiri Vesely,Czech Republic,CZE,21245,2003,64.62,71.95,50.93,336.1,6943,3461,127,26.86,951,0.992,2.106,0.984,18.86,37.78,270,0.989,63.22,12.62,84.91,53.19,2.167,21.28,42.42
78,Pierre Hugues Herbert,France,FRA,16557,1765,59.06,73.73,50.94,333,5286,2581,92,26.21,790,0.964,2.234,0.946,16.27,37.25,203,0.865,61.85,8.76,78.82,48.65,2.242,16.22,51.85
79,Ricardas Berankis,Lithuania,LTU,17392,989,56.88,70.59,51.28,316.6,6237,3074,112,26.91,764,0.988,1.295,0.953,19.84,35.04,238,0.869,58.03,4.12,76.38,47.62,2.302,14.29,65.22
80,Horacio Zeballos,Argentina,ARG,16590,1286,62.31,70.78,51.39,330.2,5514,2608,91,24.05,551,0.944,2.334,0.88,15.07,40.69,224,0.731,37.13,,,,,,
81,Frances Tiafoe,United States,USA,14623,1167,61.91,70.72,51.68,328.2,4644,2267,,26.62,466,0.994,2.504,0.963,18.65,39.78,,0.891,60.23,6.55,78.93,47.56,2.295,25.61,53.06
82,Nicolas Mahut,France,FRA,32093,3123,60.84,73.3,50.39,332.3,10369,5090,181,26.5,1419,0.986,2.201,0.957,17.04,38.35,406,0.899,38.38,,,,,,
83,Cameron Norrie,United Kingdom,GBR,10248,628,64.85,68.95,48.42,322.2,3189,1591,,30.15,469,0.993,1.339,0.981,23.03,40.94,,0.989,60.49,6.31,75.59,47.67,2.409,25.88,38.71
84,Alex De Minaur,Australia,AUS,12140,564,60.88,70.94,52.9,325.7,3708,1905,,29.72,388,1.028,1.454,1.062,23.52,42.44,,1.141,59.65,4.85,81.47,62.22,2.561,24.44,57.14
85,Hyeon Chung,"Korea, Republic of",KOR,10996,526,62.4,70.27,50.7,319,3606,1870,,30.05,403,1.042,1.305,1.049,26.11,40.03,,1.157,55.79,6.4,,,,,
86,Matthew Ebden,Australia,AUS,14835,1172,60.97,70.79,45.7,309.8,4913,2311,79,27.59,951,0.967,1.232,0.909,19.38,37.02,205,0.739,58.9,7.94,75.48,,2.271,,
87,Damir Dzumhur,Bosnia and Herzegovina,BIH,17927,584,64.25,65.1,49.47,305.5,6170,3012,117,31.86,648,1.01,0.901,0.972,26.77,38.33,246,0.914,57.87,3.03,69.49,34.04,2.445,8.51,
88,Paolo Lorenzi,Italy,ITA,22076,1163,58.65,68.97,49.01,309.7,7208,3359,110,28.03,785,0.989,1.482,0.911,19.49,41.99,294,0.747,60.98,4.9,78.45,,2.056,,
89,Casper Ruud,Norway,NOR,8799,494,65.65,70.33,52.89,334.9,2782,1454,,27.97,292,0.977,1.692,1.022,22.25,41.5,,1.178,62.83,5.4,82.37,60.24,2.35,17.07,33.33
90,Nicolas Jarry,Chile,CHI,9024,989,63.1,72.36,52.32,339.8,2947,1442,,25.55,317,0.968,3.12,0.953,15.6,38.77,,0.859,61.29,10.94,80.68,43.18,2.041,22.73,53.33
91,Christian Garin,Chile,CHI,8890,517,60.71,69.93,49.63,317.9,3096,1560,,30.36,351,1.017,1.473,1.002,24.38,41.07,,1.01,62.06,5.82,76.75,58.06,2.478,23.66,53.33
92,Denis Kudla,United States,USA,11969,891,57.99,69.59,50.44,313.6,3927,1836,,26.74,530,0.981,1.681,0.914,18.76,34.52,,0.746,53.53,7.5,72.94,,2.212,,
93,Andrey Kuznetsov,Russian Federation,RUS,13719,885,57.82,71.39,49.88,316.8,4433,2172,,28.85,505,1.033,1.752,0.982,21.32,36.75,,0.904,36.83,,,,,,
94,John Millman,Australia,AUS,16589,868,61.69,68.51,52.44,320.8,5165,2571,,28.43,402,0.985,2.159,0.991,22.74,39.5,,0.966,61.79,5.23,77.82,45.98,2.391,25.29,45.83
95,Reilly Opelka,United States,USA,8519,1964,62.78,79.87,54.71,374.8,2796,1404,,20.62,335,0.972,5.863,0.949,9.61,39.13,,1,66.99,23.99,90.75,52.56,1.672,19.23,48.05
96,Tommy Paul,United States,USA,5421,313,61.19,68.94,51.84,321.4,,,,28.08,153,0.998,2.046,0.982,0,39.43,,,59.76,5.81,77.36,47.83,2.421,21.74,40.91
97,Yoshihito Nishioka,Japan,JPN,11087,264,64.9,63.41,53.5,312.6,3497,1682,,28.03,245,1.001,1.078,0.956,24.6,39.7,,0.878,59.48,2.55,72.54,47.95,2.515,15.07,51.85
98,Evgeny Donskoy,Russian Federation,RUS,12301,800,58.58,70.01,49.86,319.8,4180,1912,,25.53,376,0.986,2.128,0.881,14.92,37.42,,0.636,34.53,,,,,,
99,Peter Gojowczyk,Germany,GER,10516,966,54.82,74.46,48.22,319,3434,1657,,27.27,506,0.979,1.909,0.95,19.11,36.34,,0.857,60.27,8.17,75.16,,2.217,,
100,Go Soeda,Japan,JPN,8141,336,55.97,67.43,48.44,296.2,3767,1766,,26.6,304,0.971,1.105,0.843,17.17,38.15,,0.583,35.99,,,,,,
101,Thiago Monteiro,Brazil,BRA,9269,579,65.22,71.06,51.11,331,3032,1482,,25.84,275,0.975,2.105,0.957,18.17,42.63,,0.874,62.59,7.19,81.69,45.83,2.251,14.89,44
102,Alexander Bublik,Kazakhstan,KAZ,7792,1173,58.25,75.5,45.23,325.5,2496,1217,,28.37,628,0.97,1.868,0.937,18.52,37.32,,0.877,62.5,15.24,80.41,53.01,2.179,10.84,52.17
103,Roberto Carballes Baena,Spain,ESP,9466,359,62.56,67.06,49.25,309.8,2954,1437,,29.85,390,0.983,0.921,0.971,24.5,44.18,,0.911,57.63,3.59,71.72,46.77,2.51,11.29,45
104,Jordan Thompson,Australia,AUS,11146,791,63.78,70.18,48.58,324,3586,1750,,28.04,312,0.991,2.535,0.954,19.64,42.71,,0.876,62.57,7.05,80.76,51.95,2.234,18.18,41.67
105,Hubert Hurkacz,Poland,POL,9604,904,62.96,72.56,49.46,333.9,3008,1515,,27.92,393,0.978,2.3,0.999,19.39,39.89,,0.999,62.78,9.76,81.98,56.84,2.306,18.95,53.66
106,Marsel Ilhan,Turkey,TUR,6412,502,61.49,69.15,48.53,316.1,2520,1186,,26.24,175,0.967,2.869,0.88,17.13,33.88,,0.675,38.77,,,,,,
107,Matteo Berrettini,Italy,ITA,11111,1152,61.89,77.66,53.79,355.5,3451,1797,,27.58,273,1.058,4.22,1.111,17.38,41.32,,1.322,70.32,11.57,88.71,65.22,2.279,21.74,54.24
108,Tennys Sandgren,United States,USA,8528,901,61.09,73.45,48.6,332.2,2725,1315,,26.28,270,0.975,3.337,0.936,16.69,41.22,,0.824,60.88,10.66,80.12,41.07,2.149,30.91,40
109,James Duckworth,Australia,AUS,7640,809,56.21,72.31,49.97,325.9,2483,1151,,24.74,312,0.94,2.593,0.869,14.25,35.77,,0.659,61.25,8.22,78.4,,2.042,,
110,Lloyd George Muirhead Harris,South Africa,RSA,5892,705,63.16,73.52,48.24,331.7,,,,27.15,189,0.995,3.73,0.987,0,40.52,,,58.17,12.55,79.48,50.82,2.119,9.84,41.67
111,Ugo Humbert,France,FRA,7531,698,61.22,74.99,52.28,342.5,2352,1204,,27.18,265,0.992,2.634,1.029,18.21,42.11,,1.103,65.28,9.24,83.33,54.22,2.235,22.89,51.02
112,Thanasi Kokkinakis,Australia,AUS,6051,671,59.06,74.76,48.73,334.7,2058,978,,24.06,286,0.975,2.346,0.93,0,36.24,,,37.6,,,,,,
113,Marco Cecchinato,Italy,ITA,10817,629,65.87,68.17,48.47,315.6,3475,1607,,27.13,359,0.969,1.752,0.895,17.25,38.41,,0.688,54.36,5.57,74.27,31.25,2.249,35.94,51.52
114,Illya Marchenko,Ukraine,UKR,10223,621,57.73,70.73,47.3,310.5,3864,1863,,28.46,549,0.979,1.131,0.927,20.76,40.82,,0.822,38.94,,,,,,
115,Lorenzo Sonego,Italy,ITA,7897,603,63.71,72.94,51.14,336.9,2471,1220,,27.48,196,0.992,3.077,0.985,16.86,44.65,,0.927,62.8,7.56,82.55,48.84,2.251,17.44,50
116,Matthias Bachinger,Germany,GER,6792,592,59.27,71.71,46.96,320.1,2143,1013,,27.68,243,0.984,2.436,0.924,18.37,38.08,,0.763,34.03,,,,,,
117,Laslo Djere,Serbia,SRB,9920,589,60.08,69.9,50.74,318.5,3077,1492,,29.46,428,1.018,1.376,0.976,20.36,42.9,,0.874,56.71,6.01,76.02,51.9,2.467,30.38,45.95
118,Egor Gerasimov,Belarus,BLR,5654,574,65.06,72.89,49.97,335.6,2147,1107,,27.85,227,0.998,2.529,1.038,0,39.87,,,59.64,9.97,80.83,55.36,2.33,7.14,61.76
119,Alexei Popyrin,Australia,AUS,4998,549,60.6,74.15,51.85,339.8,,,,25.25,240,0.975,2.288,0.945,0,38.7,,,66.1,10.58,83.38,48.08,2.106,0,62.22
120,Henri Laaksonen,Switzerland,SUI,7091,521,59.39,70.57,48.53,315.9,2446,1173,,29.12,381,1.003,1.367,0.959,20.62,38.25,,0.843,61.7,7.38,75.07,,2.272,,
121,Radu Albot,"Moldova, Republic of",MDA,13876,471,64.45,65.47,50.15,308.8,5051,2446,,28.77,513,0.991,0.918,0.935,22.53,40.4,,0.82,57.73,3.93,75.12,50,2.383,17.44,59.46
122,Stefano Travaglia,Italy,ITA,,465,54.67,73.56,48.53,316.5,,,,0,215,,2.163,,0,,,,56.66,8.53,76.48,42.86,2.296,14.29,40
123,Taro Daniel,Japan,JPN,9858,454,62.97,66.05,49,308.2,3337,1534,,26.78,388,0.968,1.17,0.889,20.39,42.14,,0.715,58.33,5.07,73.46,37.5,2.198,15,
124,Maximilian Marterer,Germany,GER,5262,440,63.25,69.74,53.36,331,,,,25.42,141,0.976,3.121,0.899,0,39.26,,,58.16,7.84,,,,,
125,Ilya Ivashka,Belarus,BLR,5501,417,60.51,71.6,47.16,316.5,,,,29.9,245,1.006,1.702,1.001,0,43.41,,,62.55,7.8,76.38,,2.464,,56.52
126,Miomir Kecmanovic,Serbia,SRB,6517,369,59.7,70.29,52.83,326.1,2014,1010,,27.13,207,0.99,1.783,1.003,22.16,40.1,,1.014,62.59,5.7,78.02,54.22,2.404,14.46,44.74
127,Mackenzie Mcdonald,United States,USA,6042,354,63.76,68.88,50.56,321.2,,,,26.54,203,1.003,1.744,0.943,0,39.06,,,58.67,6.26,75.93,44.44,2.298,8.89,
128,Facundo Bagnis,Argentina,ARG,5750,348,61.17,67.27,49.91,311.9,,,,28.67,272,0.987,1.279,0.904,0,40.43,,,60.8,6.4,74.16,,2.441,,
129,Jaume Munar,Spain,ESP,6950,306,63.53,67.69,48.06,312,2102,1010,,31.74,217,1.011,1.41,0.975,22.86,42.84,,0.851,57.71,4.14,73.63,42.11,2.631,15.79,48.48
130,Cedrik Marcel Stebe,Germany,GER,5546,266,61.39,64.67,47.27,297.8,,,,30.89,222,0.975,1.198,0.904,0,42.35,,,53.26,5.35,71.8,,2.211,,
131,Juan Ignacio Londero,Argentina,ARG,5800,262,60.74,68.58,54.16,320.3,,,,28.14,207,1.007,1.266,0.988,0,41.29,,,59.6,4.62,77.22,46.27,2.35,19.4,50
132,Jannik Sinner,Italy,ITA,5295,252,61.22,69.41,52.41,327,,,,31.86,136,1.006,1.853,1.051,0,42.06,,,62.97,4.86,78.81,61.54,2.567,7.69,51.61
133,Thomas Fabbiano,Italy,ITA,7314,177,65.39,64.93,49.13,306.9,2326,1065,,27.23,282,1.006,0.628,0.901,20.53,39.82,,0.725,61.54,2.37,76.82,,2.258,,
,Bradley Klahn,United States,USA,,,,,,,,,,,,,,,,,,,64.34,10.48,79.18,,1.731,,
,Tallon Griekspoor,Netherlands,NED,,,,,,,,,,,,,,,,,,,67.53,8.46,,,,,
,Yasutaka Uchiyama,Japan,JPN,,,,,,,,,,,,,,,,,,,60.81,8.34,75.32,,2.133,,
,Alex Bolt,Australia,AUS,,,,,,,,,,,,,,,,,,,60.43,8.32,79.25,,2.335,,
,Aslan Karatsev,Russian Federation,RUS,,,,,,,,,,,,,,,,,,,62.12,8.03,81.41,,2.544,,
,Christopher Oconnell,Australia,AUS,,,,,,,,,,,,,,,,,,,67.02,7.24,,,,,
,Gregoire Barrere,France,FRA,,,,,,,,,,,,,,,,,,,56.89,7.21,75.57,,2.299,,47.62
,Kamil Majchrzak,Poland,POL,,,,,,,,,,,,,,,,,,,56.43,6.86,74.26,,1.991,,
,Gianluca Mager,Italy,ITA,,,,,,,,,,,,,,,,,,,69.91,6.83,78.55,,2.266,,
,Michael Mmoh,United States,USA,,,,,,,,,,,,,,,,,,,57.69,6.54,,,,,
,Thiago Seyboth Wild,Brazil,BRA,,,,,,,,,,,,,,,,,,,63.64,6.5,,,,,
,Norbert Gombos,Slovakia,SVK,,,,,,,,,,,,,,,,,,,56.35,6.46,74.78,,2.411,,
,Emil Ruusuvuori,Finland,FIN,,,,,,,,,,,,,,,,,,,54,6.25,75,,2.514,,
,Marcos Giron,United States,USA,,,,,,,,,,,,,,,,,,,59.92,6.16,76.26,,2.141,,
,Sebastian Korda,United States,USA,,,,,,,,,,,,,,,,,,,64.71,5.92,77.96,,2.402,,
,Daniel Elahi Galan Riveros,Colombia,COL,,,,,,,,,,,,,,,,,,,60.47,5.9,77.48,,2.366,,
,Bjorn Fratangelo,United States,USA,,,,,,,,,,,,,,,,,,,61.96,5.6,,,,,
,Dominik Koepfer,Germany,GER,,,,,,,,,,,,,,,,,,,59.57,5.39,72.86,,2.474,,
,Dennis Novak,Austria,AUT,,,,,,,,,,,,,,,,,,,54.1,5.15,73.83,,2.276,,
,Soon Woo Kwon,"Korea, Republic of",KOR,,,,,,,,,,,,,,,,,,,60.82,5.04,77.43,50,2.451,15,50
,Pedro Sousa,Portugal,POR,,,,,,,,,,,,,,,,,,,57.89,4.79,70.49,,2.137,,
,Marc Polmans,Australia,AUS,,,,,,,,,,,,,,,,,,,59.31,4.37,71.5,,2.483,,
,Salvatore Caruso,Italy,ITA,,,,,,,,,,,,,,,,,,,60.17,4.36,73.32,38.1,2.356,14.29,
,Jozef Kovalik,Slovakia,SVK,,,,,,,,,,,,,,,,,,,53.09,4.36,68.07,,2.17,,
,Jason Jung,"Taiwan, Province of China",TPE,,,,,,,,,,,,,,,,,,,57.03,4.17,74.42,,2.223,,
,Yannick Hanfmann,Germany,GER,,,,,,,,,,,,,,,,,,,54.81,4.08,75.1,,2.498,,
,Attila Balazs,Hungary,HUN,,,,,,,,,,,,,,,,,,,67.96,4.04,78.36,,2.263,,
,Mikael Ymer,Sweden,SWE,,,,,,,,,,,,,,,,,,,52.49,3.8,66.21,,2.444,,
,Carlos Alcaraz Garfia,Spain,ESP,,,,,,,,,,,,,,,,,,,59.8,3.6,,,,,
,Lorenzo Musetti,Italy,ITA,,,,,,,,,,,,,,,,,,,60.87,3.31,,,,,
,Federico Coria,Argentina,ARG,,,,,,,,,,,,,,,,,,,62.37,3.03,67.95,,2.496,,
,Andrej Martin,Slovakia,SVK,,,,,,,,,,,,,,,,,,,60.47,3.02,69.86,,2.546,,
,Antonie Hoang,France,FRA,,,,,,,,,,,,,,,,,,,52.76,2.82,,,,,
,Hugo Dellien,"Bolivia, Plurinational State of",BOL,,,,,,,,,,,,,,,,,,,59.54,2.6,67.01,38.1,2.556,17.07,
,Pedro Martinez Portero,Spain,ESP,,,,,,,,,,,,,,,,,,,59.91,2.57,69.9,,2.525,,
,Corentin Moutet,France,FRA,,,,,,,,,,,,,,,,,,,56.3,2.54,71.85,47.62,2.389,19.05,57.14
,Alejandro Davidovich Fokina,Spain,ESP,,,,,,,,,,,,,,,,,,,55.84,2.27,69.42,50,2.637,11.36,
,Hugo Gaston,France,FRA,,,,,,,,,,,,,,,,,,,64.49,1.89,,,,,
,Sumit Nagal,India,IND,,,,,,,,,,,,,,,,,,,54.35,1.32,,,,,
